feature,feature_label,pearson,spearman,ridge_coef,ridge_coef_abs,ridge_alpha,permutation_importance,permutation_importance_std,sample_views
ball_speed_mph,Ball speed,0.7579103026,0.776022859843,42.2541980791,42.2541980791,3.16227766017,37.6259510533,1.82248590562,S3_imputed;S3_spin_components
launch_angle_deg,Launch angle,0.0859263438619,0.0254049083667,20.7545161298,20.7545161298,3.16227766017,19.6542940845,1.91004547604,S3_imputed;S3_spin_components
launch_direction_deg,Launch direction,0.0156307026994,0.061532647206,2.33139792569,2.33139792569,3.16227766017,0.180523341478,0.0705170732516,S3_imputed;S3_spin_components
spin_rate_rpm,Spin rate,0.0087804338808,0.0532459083516,0.475423393603,0.475423393603,3.16227766017,1.82658108252,0.305580746659,S3_imputed
spin_axis_deg,Spin axis,0.119205450546,0.118247693454,3.54691649562,3.54691649562,3.16227766017,2.4194343807,0.536625444309,S3_imputed
backspin_rpm,Backspin,0.0580283718997,0.0933009427301,2.155544193,2.155544193,3.16227766017,4.36806486027,0.673015179085,S3_spin_components
sidespin_rpm,Sidespin,-0.100398275981,-0.140975766456,-1.8515502739,1.8515502739,3.16227766017,0.603279796103,0.132051320897,S3_spin_components
club_speed_mph,Club speed,0.581347382095,0.589009934919,-4.54519705451,4.54519705451,3.16227766017,0.619704307488,0.352257146294,S3_imputed;S3_spin_components
attack_angle_deg,Attack angle,0.156081000238,0.20633818305,-2.73441993496,2.73441993496,3.16227766017,0.0875768931329,0.0818879001076,S3_imputed;S3_spin_components
